Film_title,Release_year,Director,Cast,Personal_rating,Average_rating,Letterboxd URL
The Heart of the World,$,2000,$,Guy Maddin,$,"['Leslie Bais', 'Caelum Vatnsdal', 'Shaun Balbar', 'Greg Klymkiw', 'Tammy Gillis', 'Carson Nattrass']",$,nan,$,3.75,$,https://letterboxd.com//film/the-heart-of-the-world/
Black Christmas,$,1974,$,Bob Clark,$,"['Olivia Hussey', 'Keir Dullea', 'Margot Kidder', 'Marian Waldman', 'Andrea Martin', 'James Edmond', 'Doug McGrath', 'Art Hindle', 'Lynne Griffin', 'Michael Rapport', 'John Saxon', 'Leslie Carlson', 'Martha Gibson', 'John Rutter', 'Robert Warner', 'Sydney Brown', 'Jack Van Evera', 'Les Rubie', 'Marcia Diamond', 'Pam Barney', 'Robert Hawkins', 'David Clement', 'Dave Mann', 'John Stoneham Sr.', 'Danny Gain', 'Tom Foreman']",$,nan,$,3.87,$,https://letterboxd.com//film/black-christmas/
Dead Ringers,$,1988,$,David Cronenberg,$,"['Jeremy Irons', 'Geneviève Bujold', 'Heidi von Palleske', 'Barbara Gordon', 'Shirley Douglas', 'Stephen Lack', 'Nick Nichols', 'Lynne Cormack', 'Damir Andrei', 'Miriam Newhouse', 'David Hughes', 'Richard W. Farrell', 'Warren Davis', 'Marsha Moreau', 'Denis Akiyama', 'Dee McCafferty', 'Jane Luk', 'Jill Hennessy', 'David Cronenberg']",$,nan,$,3.79,$,https://letterboxd.com//film/dead-ringers/
The Sweet Hereafter,$,1997,$,Atom Egoyan,$,"['Ian Holm', 'Sarah Polley', 'Tom McCamus', 'Gabrielle Rose', 'Alberta Watson', 'Caerthan Banks', 'Maury Chaykin', 'Stephanie Morgenstern', 'Kirsten Kieferle', 'Arsinée Khanjian', 'Earl Pastko', 'Simon Baker', 'David Hemblen', 'Bruce Greenwood', 'Sarah Rosen Fruitman', 'Marc Donato', 'Devon Finn', 'Fides Krucker', 'Magdalena Sokolowski', 'James D. Watts', 'Brooke Johnson', 'Allegra Denton', 'Peter Donaldson', 'Russell Banks', 'Mychael Danna']",$,nan,$,3.82,$,https://letterboxd.com//film/the-sweet-hereafter/
My Winnipeg,$,2007,$,Guy Maddin,$,"['Ann Savage', 'Amy Stewart', 'Darcy Fehr', 'Louis Negin', 'Brendan Cade', 'Wesley Cade', 'Guy Maddin', 'Lou Profeta', 'Fred Dunsmore', 'Kate Yacula', 'Jacelyn Lobay', 'Eric Nipp', 'Jennifer Palichuk']",$,nan,$,3.91,$,https://letterboxd.com//film/my-winnipeg/
Exotica,$,1994,$,Atom Egoyan,$,"['Bruce Greenwood', 'Mia Kirshner', 'Elias Koteas', 'Don McKellar', 'Sarah Polley', 'Arsinée Khanjian', 'Victor Garber', 'David Hemblen', 'Calvin Green', 'Peter Krantz', 'Jack Blum', 'Billy Merasty', 'Ken McDougall', ""Damon D'Oliveira""]",$,nan,$,3.88,$,https://letterboxd.com//film/exotica/
A Married Couple,$,1969,$,Allan King,$,"['Billy Edwards', 'Antoinette Edwards', 'Bogart Edwards', 'Merton']",$,nan,$,3.87,$,https://letterboxd.com//film/a-married-couple/
Videodrome,$,1983,$,David Cronenberg,$,"['James Woods', 'Sonja Smits', 'Debbie Harry', 'Peter Dvorsky', 'Leslie Carlson', 'Jack Creley', 'Lynne Gorman', 'Julie Khaner', 'Reiner Schwarz', 'David Bolt', 'Lally Cadeau', 'Henry Gomez', 'Harvey Chao', 'David Tsubouchi', 'Kay Hawtrey', 'Sam Malkin', 'Bob Church', 'Jayne Eastwood', 'Franciszka Hedland', 'David Cronenberg']",$,nan,$,3.86,$,https://letterboxd.com//film/videodrome/
Crash,$,1996,$,David Cronenberg,$,"['James Spader', 'Holly Hunter', 'Elias Koteas', 'Deborah Kara Unger', 'Rosanna Arquette', 'Peter MacNeill', 'Cheryl Swarts', 'Yolande Julian', 'Nicky Guadagni', 'Ronn Sarosiak', 'Boyd Banks', 'Judah Katz', 'Markus Parilo', 'Alice Poon', 'John Stoneham Jr.', 'David Cronenberg']",$,nan,$,3.62,$,https://letterboxd.com//film/crash/
Warrendale,$,1967,$,Allan King,$,['Martin Fischer'],$,nan,$,3.96,$,https://letterboxd.com//film/warrendale/
Mon oncle Antoine,$,1971,$,Claude Jutra,$,"['Jacques Gagnon', 'Lyne Champagne', 'Jean Duceppe', 'Olivette Thibault', 'Claude Jutra', 'Lionel Villeneuve', 'Hélène Loiselle', 'Mario Dubuc', 'Lise Brunelle', 'Alain Legendre', 'Robin Marcoux', 'Serge Evers', 'Monique Mercure', 'Georges Alexander', 'Rene Salvatore Catta', 'Jean Dubost', 'Benoît Marcoux', 'Dominique Joly', 'Lise Talbot', 'Michel Talbot', 'Siméon Dallaire', 'Sidney Harris', 'Roger Garand']",$,nan,$,3.68,$,https://letterboxd.com//film/mon-oncle-antoine/
Wavelength,$,1967,$,Michael Snow,$,"['Hollis Frampton', 'Amy Taubin', 'Lyne Grossman', 'Naoto Nakazawa', 'Roswell Rudd', 'Joyce Wieland', 'Amy Yadrin']",$,nan,$,3.43,$,https://letterboxd.com//film/wavelength-1967/
The Man Who Planted Trees,$,1987,$,Frédéric Back,$,"['Philippe Noiret', 'Christopher Plummer']",$,nan,$,4.17,$,https://letterboxd.com//film/the-man-who-planted-trees/
Careful,$,1992,$,Guy Maddin,$,"['Kyle McCulloch', 'Gosia Dobrowolska', 'Sarah Neville', 'Brent Neale', 'Paul Cox', 'Victor Cowie', ""Michael O'Sullivan"", 'Vince Rimmer', 'Katya Gardner', 'Jackie Burroughs', 'Ross McMillan']",$,nan,$,3.65,$,https://letterboxd.com//film/careful/
Brand Upon the Brain!,$,2006,$,Guy Maddin,$,"['Isabella Rossellini', 'Erik Steffen Maahs', 'Sullivan Brown', 'Gretchen Krich', 'Maya Lawson', 'Jake Morgan-Scharhon', 'Andrew Loviska', 'Kellan Larson', 'Todd Jefferson Moore', 'Megan Murphy', ""Cathleen O'Malley"", 'Clayton Corzatte', 'Susan Corzatte', 'Annette Toutonghi']",$,nan,$,3.87,$,https://letterboxd.com//film/brand-upon-the-brain/
Atanarjuat: The Fast Runner,$,2001,$,Zacharias Kunuk,$,"['Natar Ungalaaq', 'Sylvia Ivalu', 'Peter-Henry Arnatsiaq', 'Lucy Tulugarjuk', 'Pakak Innuksuk', 'Madeline Ivalu', 'Pauloosie Qulitalik', 'Eugene Ipkarnak', 'Neeve Irngaut', 'Abraham Ulayuruluk', 'Apayata Kotierk', 'Mary Qulitalik', 'Luke Taqqaugaq', 'Alex Uttak', 'Felix Alaralak']",$,nan,$,3.64,$,https://letterboxd.com//film/atanarjuat-the-fast-runner/
Jesus of Montreal,$,1989,$,Denys Arcand,$,"['Lothaire Bluteau', 'Catherine Wilkening', 'Johanne-Marie Tremblay', 'Rémy Girard', 'Robert Lepage', 'Gilles Pelletier', 'Yves Jacques', 'Cédric Noël', 'Pauline Martin', 'Véronique Le Flaguais', 'Jean-Louis Millette', 'Monique Miller', 'Christine-Ann Atallah', 'Claude Léveillée', 'Valérie Gagné', 'Paule Baillargeon', 'Boris Bergman', 'Gaston Lepage', 'Marc Messier', 'Marcel Sabourin', 'Roy Dupuis', 'Claude Blanchard', 'Andrée Lachapelle', 'Denis Bouchard', 'Ron Lea', 'Anna-Maria Giannotti', 'Tom Rack', 'Marie-Christine Barrault', 'Judith Magre', 'Isabelle Truchon', 'Michael Barnard', 'Serge Carrier', 'Daniel Lamontagne', 'Dominique Quesnel', 'Jean Marchand', 'Diane Côté', 'Andréanne Deneault', 'Sylvie Drapeau', 'Mario Bertrand', 'Danielle Godin', 'Gisèle Trépanier', 'Bob Della Serra', 'Danielle Lepine', 'Léa-Marie Cantin', 'Rose-Andrée Michaud', 'Susan Bain', 'Michelle Turmel', 'Maria Bircher', 'Esther Lewis', 'Alex Nicolas-Étienne', 'Paul Tana', 'Dean Hagopian', 'Jacques Lavallée', 'Bernard Meney', 'Richard Dumont', 'Liz MacRae', 'Michael Rudder', 'Vlasta Vrana', 'Lisette Guertin', 'Denys Arcand', 'Pascal Rollin']",$,nan,$,3.59,$,https://letterboxd.com//film/jesus-of-montreal/
The Fly,$,1986,$,David Cronenberg,$,"['Jeff Goldblum', 'Geena Davis', 'John Getz', 'Joy Boushel', 'Leslie Carlson', 'George Chuvalo', 'Michael Copeman', 'David Cronenberg', 'Carol Lazare', 'Shawn Hewitt', 'Typhoon']",$,nan,$,3.94,$,https://letterboxd.com//film/the-fly-1986/
Naked Lunch,$,1991,$,David Cronenberg,$,"['Peter Weller', 'Judy Davis', 'Ian Holm', 'Julian Sands', 'Roy Scheider', 'Monique Mercure', 'Nicholas Campbell', 'Michael Zelniker', 'Louis Ferreira', 'Joseph Scoren', 'Julian Richings', 'Robert A. Silverman', 'Peter Boretski', 'Yuval Daniel', 'John Friesen', 'Sean McCann', 'Howard Jerome', 'Michael Caruana', 'Kurt Reis']",$,nan,$,3.66,$,https://letterboxd.com//film/naked-lunch/
Calendar,$,1993,$,Atom Egoyan,$,"['Arsinée Khanjian', 'Ashot Adamyan', 'Atom Egoyan', 'Michelle Bellerose', 'Natalia Jasen', 'Susan Hamann', 'Sveta Kohli', 'Viva Tsvetnova', 'Roula Said', 'Annie Szamosi', 'Anna Pappas', 'Amanda Martínez', 'Diane Kofri']",$,nan,$,3.5,$,https://letterboxd.com//film/calendar/
Curling,$,2010,$,Denis Côté,$,"['Emmanuel Bilodeau', 'Philomène Bilodeau', 'Roc LaFortune', 'Sophie Desmarais', 'Muriel Dutil', 'Yves Trudel', 'Johanne Haberlin', 'Anie Pascale', 'Olivier Aubin', 'Geoffrey Gaquere', 'Raoul Fortier-Mercier', 'Jérémy Fidèle-Côté', 'Simon Bourassa-Doiron', 'Benoît Lapierre', 'Hugo Giroux', 'Agnieshka Wnorowska']",$,nan,$,3.28,$,https://letterboxd.com//film/curling/
The Forbidden Room,$,2015,$,"Guy Maddin, Evan Johnson",$,"['Roy Dupuis', 'Clara Furey', 'Louis Negin', 'Udo Kier', 'Hryhoriy Hlady', 'Mathieu Amalric', 'Noël Burton', 'Geraldine Chaplin', 'Paul Ahmarani', 'Caroline Dhavernas', 'Slimane Dazi', 'Maria de Medeiros', 'Charlotte Rampling', 'Victor Andres Trelles Turgeon', 'Andreas Apergis', 'Sophie Desmarais', 'Ariane Labed', 'Karine Vanasse', 'Romano Orzari', 'Alex Bisping', 'Kent McQuaid', 'Neil Napier', 'Kyle Gatehouse', 'André Wilms', 'Christophe Paou', 'Adèle Haenel', 'Céline Bonnier', 'Lewis Furey', 'Victoria Diamond', 'Mistaya Hemingway', 'Cynthia Ekoe', 'Sienna Mazzone', 'Vasco Bailly-Gentaud', 'Éric Robidoux', 'Amira Casar', 'Jean-François Stévenin', 'Graham Ashmore', 'Darcy Fehr', 'Kathia Rock', 'Luce Vigo', 'Judith Baribeau', 'Kim Morgan', 'Marie Brassard', 'Angela La Muse Senyshyn', 'Kimmi Melnychuk', 'Melissa Trainor', 'Pamela Iveta', 'Catherine Treskow', 'John Churchill', 'Matthew Comeau', 'Alexandre Skeret', 'Sherpa Macilu', 'Miguel Eduardo Cueva', 'Arthur Holden', 'Marie-Sophie Roy', 'Anthony Lemke', 'Victoire Du Bois', 'Elina Löwensohn', 'Jacques Nolot', 'Ron Mael', 'Russell Mael']",$,nan,$,3.69,$,https://letterboxd.com//film/the-forbidden-room-2015/
M. Butterfly,$,1993,$,David Cronenberg,$,"['Jeremy Irons', 'John Lone', 'Barbara Sukowa', 'Ian Richardson', 'Annabel Leventon', 'Shizuko Hoshi', 'Richard McMillan', 'Vernon Dobtcheff', 'David Hemblen', 'Damir Andrei', 'Antony Parr', 'Margaret Ma', 'Tristram Jellinek', 'Philip McGough', 'David Neal', 'Sean Hewitt', 'Peter Messaline', 'Michael Mehlmann', 'Barbara Chilcott', 'George Jonas', 'Carl Zvonkin', 'Viktor Fülöp', 'Cadman Chui', 'María Teresa Uribe', 'Harriet Chung', 'Monica Gan', 'Ayumi Komoda', 'Tammy Lok', 'Tracey Oh', 'Carly Wong']",$,nan,$,3.38,$,https://letterboxd.com//film/m-butterfly/
Eastern Promises,$,2007,$,David Cronenberg,$,"['Viggo Mortensen', 'Naomi Watts', 'Vincent Cassel', 'Armin Mueller-Stahl', 'Sinéad Cusack', 'Donald Sumpter', 'Jerzy Skolimowski', 'Josef Altin', 'Mina E. Mina', 'Aleksandar Mikic', 'Sarah-Jeanne Labrosse', 'Tatiana Maslany', 'Tereza Srbova', 'David Papava', 'Tamer Hassan', 'Raza Jaffrey', 'Elisa Lasowski', 'Alice Henley', 'Tony Cook']",$,nan,$,3.79,$,https://letterboxd.com//film/eastern-promises/
Café de Flore,$,2011,$,Jean-Marc Vallée,$,"['Vanessa Paradis', 'Kevin Parent', 'Hélène Florent', 'Evelyne Brochu', 'Marin Gerrier', 'Alice Dubois', 'Evelyne de la Chenelière', 'Michel Dumont', 'Joanny Corbeil-Picher', 'Rosalie Fortier', 'Michel Laperrière', 'Caroline Bal', 'Nicolas Marié', 'Pascal Elso', 'Jérôme Kircher', 'Claire Vernet', 'Manon Balthazard', 'Émile Vallée', 'Chanel Fontaine', 'Emanuelle Beaugrand-Champagne', 'Misstress Barbara', 'Luc Raymond', 'Yves Perreault', 'Jean-Marc Vallée', 'Antoine Duchesneau', 'Axel Racette', 'Caroline Gilbert', 'Lucas Bonin', 'Juliette G. Even', 'Jonathan De Pinho', 'Jean-Pierre Hilaréguy', 'Annick Desmarais', 'Cahterine Laferrière-Faubert', 'Yves Fortin', 'Franck Mercadal', 'Baptiste Delas', 'Dominique Foure', 'Fabienne Mésenge', 'Jean-Yves Roan', 'Richard Chevallier', 'Marc Galtié', 'Catherine Giron', 'Raphaël Maillot', 'Matthis Caffa', 'Trystan Fasquel', 'Baptise Gouwy']",$,nan,$,3.71,$,https://letterboxd.com//film/cafe-de-flore/
You're Sleeping Nicole,$,2014,$,Stéphane Lafleur,$,"['Julianne Côté', 'Catherine St-Laurent', 'Marc-André Grondin', 'Francis La Haye', 'Simon Larouche', 'Godefroy Reding', 'Alexis Lefebvre', 'Mark Barakat', 'Claude Despins', 'Fanny Mallette', 'Pierre-Luc Lafontaine']",$,nan,$,3.6,$,https://letterboxd.com//film/youre-sleeping-nicole/
Neighbours,$,1952,$,Norman McLaren,$,"['Grant Munro', 'Jean Paul Ladouceur']",$,nan,$,3.94,$,https://letterboxd.com//film/neighbours/
A Christmas Story,$,1983,$,Bob Clark,$,"['Melinda Dillon', 'Darren McGavin', 'Peter Billingsley', 'Jean Shepherd', 'Ian Petrella', 'Scott Schwartz', 'Tedde Moore', 'R.D. Robb', 'Zack Ward', 'Yano Anaya', 'Jeff Gillen', 'Leslie Carlson', 'Jim Hunter', 'Patty Johnson', 'Drew Hocevar', 'David Edward', 'Dwayne McLean', 'Helen E. Kaider', 'John Wong', 'Johan Sebastian Wong', 'Fred Lee', 'Dan Ma', 'Rocco Bellusci', 'Tommy Wallace', 'Court Benson', 'Leigh Brown', 'Bob Clark', 'Giada Dobrzenska', 'Dave Duff', 'Jordan-Patrick Marcantonio', 'Gary A. Jones', 'Kristephan Warren-Stevens', 'Don Geyer', 'Kathryn Hayzer', 'John Kennedy', 'Bill Kravitz', 'Julie Matthews', 'Christine Powrie', 'Quinn Smith']",$,nan,$,3.66,$,https://letterboxd.com//film/a-christmas-story-1983/
Polytechnique,$,2009,$,Denis Villeneuve,$,"['Maxim Gaudette', 'Sébastien Huberdeau', 'Karine Vanasse', 'Evelyne Brochu', 'Martin Watier', 'Johanne-Marie Tremblay', 'Natalie Hamel-Roy', 'Pierre-Yves Cardinal', 'Pierre Leblanc', 'Francesca Barcenas', 'Ève Duranceau', 'Mathieu Ledoux', 'Adam Kosh', 'Larissa Corriveau', 'Manon Lapointe', 'Kim Lavack-Paquin', 'Mireille Brullemans', 'Pier-Olivier Paquet', 'Louise Proulx', 'Lily Thibeault', 'Robert Reynaert', 'Stéphane Julien', 'Pierre-Xavier Martel', 'Marc-André Brisebois', 'François-Xavier Dufour', 'Sophie Desmarais', 'Antoine Touchette', 'Emmanuelle Girard', 'Anne Trudel', 'Nathalie Girard', 'Eve Gadouas', 'Marie-Évelyne Baribeau', 'Valerie Cadieux', 'Valérie Charland', 'Cathy Labrecque', 'Cynthia Wu-Maheux', 'Josée Lacombe', 'Alexis Lefebvre', 'Julien Maranda', 'Alexandre St-Martin', 'Jonathan Dubsky', 'Marc Francoeur', 'Dawn Ford', 'Chantale Bilodeau', 'Eugénie Beaudry', 'Denis Lehoux-Faucher', 'Marc Gourdeau', 'Nir Assayag']",$,nan,$,3.64,$,https://letterboxd.com//film/polytechnique/
Sweet Movie,$,1974,$,Dušan Makavejev,$,"['Carole Laure', 'Pierre Clémenti', 'Anna Prucnal', 'Sami Frey', 'John Vernon', 'Jane Mallett', 'Roy Callender', 'Marpessa Dawn', 'Don Arioli', 'Otto Muehl', 'Otmar Bauer', 'Sonny Forbes', 'Robin Gammell', 'Max Fischer', 'Michèle Mercure', 'Beverly Murray', 'Catherine Sola', 'Roland Topor', 'Vivian Vachon']",$,nan,$,3.19,$,https://letterboxd.com//film/sweet-movie/
eXistenZ,$,1999,$,David Cronenberg,$,"['Jennifer Jason Leigh', 'Jude Law', 'Ian Holm', 'Willem Dafoe', 'Don McKellar', 'Callum Keith Rennie', 'Christopher Eccleston', 'Sarah Polley', 'Robert A. Silverman', 'Oscar Hsu', 'Kris Lemche', 'Vik Sahay', 'Kirsten Johnson', 'James Kirchner', 'Balázs Koós', 'Stephanie Belding', 'Gerry Quigley']",$,nan,$,3.51,$,https://letterboxd.com//film/existenz/
Last Night,$,1998,$,Don McKellar,$,"['Don McKellar', 'Sandra Oh', 'Roberta Maxwell', 'Robin Gammell', 'Sarah Polley', 'Trent McMullen', 'Charmion King', 'Jessica Booker', 'David Cronenberg', 'Tracy Wright', 'Callum Keith Rennie', 'Karen Glave', 'Arsinée Khanjian', 'Chandey Michaels', 'Geneviève Bujold', 'Bryan Renfro', 'François Girard', 'Daniel Iron', 'Bruce McDonald', 'Michael McMurtry', 'Pierre Elrick', 'Kirsten Johnson', 'Regan Moore', ""Darren O'Donnell"", 'Bob Martin', 'Michael Barry', 'Nathalie Shats', 'Tom McCamus', 'Jackie Burroughs']",$,nan,$,3.57,$,https://letterboxd.com//film/last-night/
A History of Violence,$,2005,$,David Cronenberg,$,"['Viggo Mortensen', 'Maria Bello', 'Heidi Hayes', 'Ashton Holmes', 'William Hurt', 'Ed Harris', 'Peter MacNeill', 'Stephen McHattie', 'Greg Bryk', 'Kyle Schmid', 'Sumela Kay', 'Gerry Quigley', 'Deborah Drakeford', 'Bill MacDonald', 'Aidan Devine', 'Morgan Kelly', 'Ian Matthews', 'Jason Barbeck', 'Bruce Beaton', 'Neven Pajkic']",$,nan,$,3.69,$,https://letterboxd.com//film/a-history-of-violence/
The Saddest Music in the World,$,2003,$,Guy Maddin,$,"['Isabella Rossellini', 'Mark McKinney', 'Maria de Medeiros', 'David Fox', 'Ross McMillan', 'Louis Negin', 'Darcy Fehr', 'Talia Pura', ""Adriana O'Neil""]",$,nan,$,3.71,$,https://letterboxd.com//film/the-saddest-music-in-the-world/
Vic + Flo Saw a Bear,$,2013,$,Denis Côté,$,"['Pierrette Robitaille', 'Romane Bohringer', 'Marc-André Grondin', 'Marie Brassard', 'Pier-Luc Funk', 'Olivier Aubin', 'Georges Molnar', 'Guy Thauvette', 'Ramon Cespedes', 'Ted Pluviose', 'Raoul Fortier-Mercier', 'Johanne Haberlin', 'Dany Boudreault', 'Inka Malovic', 'Richard Champagne', 'Emilie Sigouin', 'Cynthia Hamel-Kropf', 'Erick Racicot', 'Gabriel Dagenais', 'Jean T. Provencher', 'Xiao Ming Hu', 'Zhen Lie Deng', 'Karl Farah', 'Daphnée Férole', 'Benoit Priest']",$,nan,$,3.16,$,https://letterboxd.com//film/vic-flo-saw-a-bear/
The Grey Fox,$,1982,$,Phillip Borsos,$,"['Richard Farnsworth', 'Jackie Burroughs', 'Ken Pogue', 'Wayne Robson', 'Timothy Webber', 'Gary Reineke', 'David Petersen', 'Don MacKay', 'Samantha Langevin', 'Tom Heaton', 'Jim McLarty', 'George Dawson', 'Ray Michal', 'Stephen E. Miller', 'David L. Crowley', 'Frank C. Turner']",$,nan,$,3.64,$,https://letterboxd.com//film/the-grey-fox/
Skid Row,$,1956,$,Allan King,$,['Art Hives'],$,nan,$,nan,$,https://letterboxd.com//film/skid-row-1956/
So Is This,$,1982,$,Michael Snow,$,nan,$,nan,$,3.8,$,https://letterboxd.com//film/so-is-this/
Dying at Grace,$,2003,$,Allan King,$,"['Phyllis Bobbitt', 'Joyce Bone', 'Norman Collins', 'Lloyd Greenway', 'Colette Hegarty', 'Gordon Henwood', 'Sue Kaul', 'Arthur Morris', 'Marion Morris', 'Carmela Nardone', 'Rick Pollard', 'Eda Simac', 'Donna Spaner', 'Mary Susan Spooner', 'Jodi Zaltz-Dubin']",$,nan,$,4.14,$,https://letterboxd.com//film/dying-at-grace/
Pontypool,$,2008,$,Bruce McDonald,$,"['Stephen McHattie', 'Lisa Houle', 'Georgina Reilly', 'Hrant Alianak', 'Rick Roberts', 'Daniel Fathers', 'Beatriz Yuste', 'Boyd Banks', 'Hannah Fleming', 'Laura Nordin', 'Rachel Burns', 'Tony Burgess', 'Louis Negin', 'Diane Gordon', 'Daniel Park']",$,nan,$,3.42,$,https://letterboxd.com//film/pontypool/
Archangel,$,1990,$,Guy Maddin,$,"['Michael Gottli', 'David Falkenburg', ""Michael O'Sullivan"", 'Margaret Anne MacLeod', 'Ari Cohen', 'Sarah Neville', 'Kathy Marykuca', 'Kyle McCulloch', 'Victor Cowie', 'Ihor Procak', 'Chris Johnson', 'Vince Rimmer']",$,nan,$,3.3,$,https://letterboxd.com//film/archangel-1990/
Mommy,$,2014,$,Xavier Dolan,$,"['Anne Dorval', 'Antoine Olivier Pilon', 'Suzanne Clément', 'Alexandre Goyette', 'Michèle Lituac', 'Viviane Pacal', 'Natalie Hamel-Roy', 'Isabelle Nélisse', 'Patrick Huard', 'Ted Pluviose', 'Pierre-Yves Cardinal', 'Reda Guerinik', 'Justin Laramée', 'Sabrina Bisson', 'Huguette Gervais', 'Vincent Fafard', 'Jean-Philippe Baril-Guérard', 'Dominic Desnoyers', 'Guenièvre Sandré', 'Isabeau Blanche', 'Catherine Brunet', 'Johanne Garneau', 'Michael Rudder', 'Robin-Joël Cool', 'Guillaume Laurin', 'Mathieu Dufresne', 'Stéphane Julien', 'Julie De Lafrenière', 'Sylvie Lemay', 'Danielle Lepine', 'Jeanne Roux-Coté', 'Rosalie Fortier', 'Steven Chevrin']",$,nan,$,4.24,$,https://letterboxd.com//film/mommy-2014/
The Barbarian Invasions,$,2003,$,Denys Arcand,$,"['Rémy Girard', 'Stéphane Rousseau', 'Marie-Josée Croze', 'Dorothée Berryman', 'Louise Portal', 'Dominique Michel', 'Pierre Curzi', 'Yves Jacques', 'Marina Hands', 'Sophie Lorain', 'Johanne-Marie Tremblay', 'Mitsou Gélinas', 'Isabelle Blais', 'Markita Boies', 'Micheline Lanctôt', 'Denis Bouchard', 'Sylvie Drapeau', 'Dominic Darceuil', 'Yves Desgagnés', 'Gilles Pelletier', 'Jean-René Ouellet', 'Macha Grenon', 'Gaston Lepage', 'Daniel Brière', 'Sébastien Huberdeau', 'Rose-Maïté Erkoreka', 'Roy Dupuis', 'Sébastien Ricard', 'Bonnie Mak', 'Frédéric Gilles', 'Denys Arcand', 'David Gow', 'Dawn Lambing', 'Valérie Jeanneret', 'Valérie Wiseman', 'François Domerc', 'Julie Beauchemin', 'Fanny Mallette', 'Lise Roy', 'Toni Cecchinato']",$,nan,$,3.6,$,https://letterboxd.com//film/the-barbarian-invasions/
Shivers,$,1975,$,David Cronenberg,$,"['Paul Hampton', 'Joe Silver', 'Lynn Lowry', 'Barbara Steele', 'Allan Kolman', 'Susan Petrie', 'Ronald Mlodzik', 'Barry Baldaro', 'Vlasta Vrana', 'Dorothy Davis', 'Joan Blackman', 'Kirsten Bishop', 'Sonny Forbes', 'Felicia Shulman', 'Cathy Graham', 'David Cronenberg']",$,nan,$,3.24,$,https://letterboxd.com//film/shivers/
Begone Dull Care,$,1949,$,"Evelyn Lambart, Norman McLaren",$,nan,$,nan,$,3.91,$,https://letterboxd.com//film/begone-dull-care/
C.R.A.Z.Y.,$,2005,$,Jean-Marc Vallée,$,"['Marc-André Grondin', 'Danielle Proulx', 'Michel Côté', 'Pierre-Luc Brillant', 'Alex Gravel', 'Maxime Tremblay', 'Natasha Thompson', 'Francis Ducharme', 'Mariloup Wolfe', 'Johanne Lebrun', 'Émile Vallée', 'Hélène Grégoire', 'Jean-Louis Roux', 'Joël LeMay', 'Michel Laperrière', 'Mohamed Majd', 'Claude Gagnon', 'Jean-Alexandre Létourneau', 'Sébastien Blouin', 'Félix-Antoine Despatie', 'Gabriel Lalancette', 'Denis Trudel', 'Paule Ducharme', 'Aline Hooper', 'Isabelle Pagé', 'Christian Vézina', 'Anik Vermette', 'Marie-Yong Godbout-Turgeon', 'Aziz Attab', 'Philippe Muller', 'Jérôme Aubin', 'Jean-Marc Vallée', 'Marie-Michelle Duchesne', 'Alexandre Ayotte', 'Élizabeth Adam', 'Manu Raymond', 'Mathieu Pelletier']",$,nan,$,3.94,$,https://letterboxd.com//film/crazy-2005/
"Of Whales, the Moon, and Men",$,1963,$,"Pierre Perrault, Michel Brault",$,"['Léopold Tremblay', 'Alexis Tremblay', 'Abel Harvey', 'Louis Harvey', 'Joachim Harvey', 'Stanley Jackson']",$,nan,$,3.94,$,https://letterboxd.com//film/of-whales-the-moon-and-men/
Come On Children,$,1973,$,Allan King,$,"['Alan Dunikowsky', 'Ken Gibbs', 'John Hamilton', 'Jane Harrison', 'Lesley Henry', 'Alex Lifeson', 'JoAnne Lye', 'Noreen McCallum', 'Richard McMullen', 'Sharon Wall']",$,nan,$,3.47,$,https://letterboxd.com//film/come-on-children/
Between Sweet and Salt Water,$,1967,$,Michel Brault,$,"['Claude Gauthier', 'Geneviève Bujold', 'Paul Gauthier', 'Denise Bombardier', 'Robert Charlebois', 'Louise Latraverse', 'Pauline Julien']",$,nan,$,3.54,$,https://letterboxd.com//film/between-sweet-and-salt-water/
Class of 1984,$,1982,$,Mark L. Lester,$,"['Perry King', 'Timothy Van Patten', 'Roddy McDowall', 'Michael J. Fox', 'Merrie Lynn Ross', 'Stefan Arngrim', 'Keith Knight', 'Lisa Langlois', 'Neil Clifford', 'Al Waxman', 'Erin Noble', 'David Gardner', 'Steve Pernie', 'Robert Reece', 'Joseph Kelly', 'Elva Mai Hoover', 'Vincent Abbatino', 'Evan Green', 'Linda Sorensen', 'Claude Rae', 'Jack Lea', 'Tracy Kinsella', 'Helena Quinton', 'Roy T. Anderson', 'Michelle Kolman', 'Darlene Burlie', 'Don Buchsbaum']",$,nan,$,3.28,$,https://letterboxd.com//film/class-of-1984/
Kamouraska,$,1973,$,Claude Jutra,$,"['Geneviève Bujold', 'Richard Jordan', 'Marcel Cuvelier', 'Suzie Baillargeon', 'Huguette Oligny', 'Philippe Léotard', 'Janine Sutto', 'Olivette Thibault', 'Marie Fresnières', 'Camille Bernard', 'Colette Cortois', 'Gigi Duckett', 'Marcel Marineau', 'Len Watt', 'Rita Lafontaine', 'André Cailloux', 'Émile Genest', 'Françoise Berd', 'Gilles Latulippe', 'Denise Proulx', ""Serge L'Italien"", 'Jean-Louis Paris', 'Alexandre Gauvreau', 'Yan Barcelo', 'Yvon Barrette', 'Marie-Thérèse Beaulieu', 'Gaétane Bélanger', 'Monique Bélisle', 'Germaine Bougie', 'Yolande Bourguignon', 'Dominique Brunet', 'Jean Brunet', 'Lyne Champagne', 'Monique Champagne', 'Anne-Marie Ducharme', 'Nini Durand', 'J. Léo Gagnon', 'Pat Gagnon', 'Claude Gai', 'Amulette Garneau', 'Paul Gauthier', 'Paul Gélinas', 'Nettie Harris', 'Madeleine Langlois', 'Priscilla Lapointe', 'Yvon Leroux', 'Jean Mathieu', 'Michel Milleret', 'Thérèse Morange', 'Marthe Nadeau', 'Jean Scheler', 'Marc Saugavinski', 'Steve Talbot', 'Yvette Thuot', 'Gisèle Trépanier', 'André Vézina', 'Véronique Vilbert']",$,nan,$,3.44,$,https://letterboxd.com//film/kamouraska/
Cosmopolis,$,2012,$,David Cronenberg,$,"['Robert Pattinson', 'Juliette Binoche', 'Paul Giamatti', 'Sarah Gadon', 'Samantha Morton', 'Jay Baruchel', 'Kevin Durand', 'Mathieu Amalric', 'Patricia McKenzie', 'Emily Hampshire', 'George Touliatos', 'Abdul Ayoola', 'Jadyn Wong', 'David Schaap', 'Philip Nozuka', 'Goûchy Boy', 'Željko Kecojević', 'Bob Bainborough', 'Warren Chow', 'Ryan Kelly', 'Nadeem Umar-Khitab', ""K'Naan"", 'John Batkis', 'Saad Siddiqui', 'Anna Hardwick', 'Milton Barnes', 'Albert Gomez', 'Jonathan Seinen', 'Inessa Frantowski']",$,nan,$,2.97,$,https://letterboxd.com//film/cosmopolis/
"Very Nice, Very Nice",$,1961,$,Arthur Lipsett,$,nan,$,nan,$,3.66,$,https://letterboxd.com//film/very-nice-very-nice/
"Trees of Syntax, Leaves of Axis",$,2009,$,Daïchi Saïto,$,nan,$,nan,$,3.56,$,https://letterboxd.com//film/trees-of-syntax-leaves-of-axis/
Bestiary,$,2012,$,Denis Côté,$,nan,$,nan,$,3.38,$,https://letterboxd.com//film/bestiary/
Scott Pilgrim vs. the World,$,2010,$,Edgar Wright,$,"['Michael Cera', 'Mary Elizabeth Winstead', 'Ellen Wong', 'Kieran Culkin', 'Alison Pill', 'Mark Webber', 'Johnny Simmons', 'Jason Schwartzman', 'Anna Kendrick', 'Aubrey Plaza', 'Satya Bhabha', 'Chris Evans', 'Brandon Routh', 'Mae Whitman', 'Brie Larson', 'Keita Saito', 'Shota Saito', 'Will Bowes', 'Celine Lepage', 'Mark Leroy', 'Kjartan Hewitt', 'Ben Lewis', 'Nelson Franklin', 'Kristina Pesic', 'Matt Watts', 'Ingrid Haas', 'Maurie W. Kaufmann', 'Marley Otto', 'Christine Watson', 'Chantelle Chung', 'Don McKellar', 'Jung-Yul Kim', 'Erik Knudsen', 'Abigail Chu', 'Tennessee Thomas', 'Emily Kassie', 'Michael Lazarovitch', 'John Patrick Amedori', 'Joe Dinicol', 'Craig Stickland', 'Bill Hader', 'Thomas Jane', 'Clifton Collins Jr.', ""Bryan Lee O'Malley"", 'George Back']",$,nan,$,3.88,$,https://letterboxd.com//film/scott-pilgrim-vs-the-world/
The Claim,$,2000,$,Michael Winterbottom,$,"['Peter Mullan', 'Milla Jovovich', 'Wes Bentley', 'Nastassja Kinski', 'Sarah Polley', 'Shirley Henderson', 'Julian Richings', 'Sean McGinley', 'Tom McCamus', 'Duncan Frasier', 'Barry Ward', 'Karolina Muller', 'Trevor Allan Davies']",$,nan,$,3.13,$,https://letterboxd.com//film/the-claim/
The Hart of London,$,1970,$,Jack Chambers,$,nan,$,nan,$,3.83,$,https://letterboxd.com//film/the-hart-of-london/
Passenger Side,$,2009,$,Matt Bissonnette,$,"['Adam Scott', 'Joel Bissonnette', 'Robin Tunney', 'Gale Harold', 'Richard Medina', 'Mickey Cottrell', 'Vitta Quinn', 'Dimitri Coats', 'Víctor Martínez', 'Roberto Enrique', 'Penelope Allen', 'Kimberly Huie', 'Greg Dulli', 'Maja Miletich', 'Rachael Santhon', 'Adam Balsam', 'Travis Walck', 'Sean Parker', 'Rebecca Buhr', 'Eileen McIntyre']",$,nan,$,3.05,$,https://letterboxd.com//film/passenger-side/
Heartbeats,$,2010,$,Xavier Dolan,$,"['Monia Chokri', 'Niels Schneider', 'Xavier Dolan', 'Anne Dorval', 'Anne-Élisabeth Bossé', 'Olivier Morin', 'Magalie Lépine-Blondeau', 'Éric Bruneau', 'Gabriel Lessard', 'Bénédicte Décary', 'François Bernier', 'Benoît McGinnis', 'François-Xavier Dufour', 'Anthony Huneault', 'Patricia Tulasne', 'Jody Hargreaves', 'Clara Palardy', 'Minou Petrowski', 'Perrette Souplex', 'Sophie Desmarais', 'Louis Garrel', 'Steve James']",$,nan,$,3.52,$,https://letterboxd.com//film/heartbeats/
Crime Wave,$,1985,$,John Paizs,$,"['Eva Kovacs', 'John Paizs', 'Darrell Baran', 'Mark Yuill', 'Neil Lawrie', 'Martin Bresin']",$,nan,$,3.81,$,https://letterboxd.com//film/crime-wave-1985/
Scanners,$,1981,$,David Cronenberg,$,"[""Jennifer O'Neill"", 'Stephen Lack', 'Patrick McGoohan', 'Lawrence Dane', 'Michael Ironside', 'Robert A. Silverman', 'Lee Broker', 'Mavor Moore', 'Adam Ludwig', 'Murray Cruchley', 'Fred Döderlein', 'Géza Kovács', 'Sonny Forbes', 'Jérôme Tiberghien', 'Denis Lacroix', 'Elizabeth Mudry', 'Victor Désy', 'Louis Del Grande', 'Anthony Sherwood', 'Ken Umland', 'Anne Anglin', 'Jock Brandis', 'Jack Messinger', 'Victor Knight', 'Karen Fullerton', 'Margaret Gadbois', 'Terrance P. Coady', 'Steve Michaels', 'Malcolm Nelthorpe', 'Nicholas Kilbertus', 'Don Buchsbaum', 'Roland Nincheri', 'Kimberly McKeever', 'Robert Boyd', 'Graham Batchelor', 'Dean Hagopian', 'Alex Stevens', 'Neil Affleck', 'John Brasington', 'Chris Britton', 'Jack Canon', 'Richard Chapman Jr.', 'Leon Herbert', 'William Hope', 'Thomas Kovacs', 'Ian McQue', 'Chuck Shamata', 'Sam Stone']",$,nan,$,3.46,$,https://letterboxd.com//film/scanners/
The Dead Zone,$,1983,$,David Cronenberg,$,"['Christopher Walken', 'Brooke Adams', 'Tom Skerritt', 'Herbert Lom', 'Anthony Zerbe', 'Colleen Dewhurst', 'Martin Sheen', 'Nicholas Campbell', 'Helene Udy', 'Cindy Hinds', 'Sean Sullivan', 'Jackie Burroughs', 'Géza Kovács', 'Roberta Weiss', 'Simon Craig', 'Peter Dvorsky', 'Julie-Ann Heathwood', 'Barry Flatman', 'Raffi Tchalikian', 'Ken Pogue', 'Gordon Jocelyn', 'Bill Copeland', 'Jack Messinger', 'Chapelle Jaffe', 'Ramon Estevez', 'Joseph Domenchini', 'Roger Dunn', 'Vladimir Bondarenko', 'Claude Rae', 'John Koensgen', 'Leslie Carlson', 'James Bearden', 'Hardee T. Lineham', 'William B. Davis', 'Seirge LeBlanc', 'Vera Winiauski', 'Joe Kapnaiko', 'David Rigby']",$,nan,$,3.5,$,https://letterboxd.com//film/the-dead-zone/
Ararat,$,2002,$,Atom Egoyan,$,"['Simon Abkarian', 'Charles Aznavour', 'Christopher Plummer', 'Arsinée Khanjian', 'David Alpay', 'Marie-Josée Croze', 'Elias Koteas', 'Brent Carver', 'Max Morrow', 'Christie MacFadyen', 'Dawn Roach', 'Garen Boyajian', 'Lousnak Abdalian', 'Raoul Bhaneja', 'Eric Bogosian', 'Bruce Greenwood', 'Gina Wilkinson', 'Chris Gillett', 'Setta Keshishian', 'Shant Srabian', 'Haig Sarkissian', 'Arshile Egoyan', 'Kevork Arslanian', 'Vic Keshishian', 'Serge Keshishian', 'Arthur Hagopian', 'George Kharlakian', 'Shant Kabrielian', 'Varazh Stephen', 'Samir Alnadi', 'Carlo Essagian', 'Rose Sarkisyan', 'Jean Yoon', 'Shahan Bulat-Matossian', 'Manuel Ishkhanian', 'Susan Raymond', 'Lorna Noura Kevorkian', 'Mandyf Nissani', 'Manal Elmasri', 'Roberta Angelica', 'Andrea Loren', 'Araxie Keshishian', 'Linda Gizirian', 'Nicole Anoush Strang', 'Erica Ehm']",$,nan,$,3.15,$,https://letterboxd.com//film/ararat/
Spider,$,2002,$,David Cronenberg,$,"['Ralph Fiennes', 'Miranda Richardson', 'Gabriel Byrne', 'Lynn Redgrave', 'John Neville', 'Philip Craig', 'Bradley Hall', 'Gary Reineke', 'Sara Stockbridge', 'Cliff Saunders', 'Tara Ellis', 'Arthur Whybrow', 'Nicola Duffett', 'Jake Nightingale', 'Donald Ewer', 'Joan Heney', 'Peter Elliott', 'Alec Stockwell', 'Scott McCord', 'Rachel Taggart']",$,nan,$,3.33,$,https://letterboxd.com//film/spider/
Fifty Dead Men Walking,$,2008,$,Kari Skogland,$,"['Ben Kingsley', 'Jim Sturgess', 'Kevin Zegers', 'Natalie Press', 'Rose McGowan', 'Tom Collins', 'William Houston', 'Michael McElhatton', 'Laura Hughes', 'Gerard Jordan', 'David Pearse', 'Joe Doyle', 'Conor MacNeill', 'Frankie McCafferty', 'Ali White', 'Dessie Gallagher', 'Kris Edlund', 'Sheila Kerr', 'George McMahon', 'Anthony Brophy', 'Derek Halligan', 'Paschal Friel', 'Gerry Doherty', ""Gavin O'Connor"", 'Paul Kennedy', 'Tomás Ó Súilleabháin', 'Michael Graham', 'Nick Dunning', 'Alexandra Ford', 'Matt McArdle', 'James Doran', 'Chris Patrick-Simpson', 'Seamus Ball', 'Jonathan Harden', 'Karen Hassan', 'Nathan Hughes', 'Drew Thompson', 'Henry Deazley', 'Brigid Erin Bates', 'Evan Harte', 'Oscar Harte']",$,nan,$,3.15,$,https://letterboxd.com//film/fifty-dead-men-walking/
Fubar,$,2002,$,Michael Dowse,$,"['Paul Spence', 'David Lawrence', 'Gordon Skilling', 'Andrew Sparacino', 'Tracey Lawrence', 'S.C. Lim', 'Sage Lawrence', 'Rose Martin', 'Jim Lawrence', ""Laurie D'Amour""]",$,nan,$,3.56,$,https://letterboxd.com//film/fubar/
Owning Mahowny,$,2003,$,Richard Kwietniowski,$,"['Philip Seymour Hoffman', 'Minnie Driver', 'John Hurt', 'Maury Chaykin', 'Ian Tracey', 'K.C. Collins', 'Jason Blicker', 'Vince Corazza', 'Sonja Smits', 'Roger Dunn', 'Eric Fink', ""Mike 'Nug' Nahrgang"", 'Tanya Henley', 'Brona Brown', 'Philip Craig', 'Michael Caruana', 'Gary Brennan', 'Sherry Hilliard']",$,nan,$,3.43,$,https://letterboxd.com//film/owning-mahowny/
Monsieur Lazhar,$,2011,$,Philippe Falardeau,$,"['Mohamed Fellag', 'Émilien Néron', 'Danielle Proulx', 'Sophie Nélisse', 'Marie-Ève Beauregard', 'Denise Lamontagne', 'Brigitte Poupart', 'Louis Champagne', 'Daniel Gadouas', 'Vincent Millard', 'Seddik Benslimane', 'Louis-David Leblanc', 'Gabriel Verdier', 'Marianne Soucy-Lord', 'Jules Philip', 'Francine Ruel', 'Sophie Sanscartier', 'Nico Lagarde', 'André Robitaille', 'Marie Charlebois', 'Evelyne de la Chenelière', 'Stéphane Demers', 'Nathalie Costa', 'Judith Baribeau', 'Jose Arandi', 'Emmanuelle Girard']",$,nan,$,3.71,$,https://letterboxd.com//film/monsieur-lazhar/
Pin,$,1988,$,Sandor Stern,$,"['David Hewlett', 'Cynthia Preston', ""Terry O'Quinn"", 'Bronwen Mantel', 'John Pyper-Ferguson', 'Helene Udy', 'Jonathan Banks', 'Patricia Collins', 'Steven Bednarski', 'Katie Shingler', 'Jacob Tierney', 'Michelle Anderson', 'Joan Austen']",$,nan,$,3.35,$,https://letterboxd.com//film/pin/
The Adventure of Faustus Bidgood,$,1986,$,"Michael Jones, Andy Jones",$,"['Andy Jones', 'Greg Malone', 'Robert Joy', 'Brian Downey', 'Maisie Rillie', 'Mary Walsh', 'Beni Malone', 'Tommy Sexton']",$,nan,$,3.54,$,https://letterboxd.com//film/the-adventure-of-faustus-bidgood/
You Take Care Now,$,1989,$,Ann Marie Fleming,$,nan,$,nan,$,3.66,$,https://letterboxd.com//film/you-take-care-now/
Leolo,$,1992,$,Jean-Claude Lauzon,$,"['Gilbert Sicotte', 'Maxime Collin', 'Ginette Reno', 'Julien Guiomar', 'Giuditta Del Vecchio', 'Andrée Lachapelle', 'Denys Arcand', 'Germain Houde', 'Yves Montmarquette', 'Lorne Brass', 'Pierre Bourgault', 'Roland Blouin', 'Geneviève Samson', 'Marie-Hélène Montpetit', 'Francis St-Onge', 'Alex Nadeau', 'Louis Grenier', 'Richard Guèvremont', 'Éric Cadorette', 'Aron Tager', 'Luc Séguin', 'Simon Gosselin', 'Jacques Marcotte', 'Cat Lemieux', 'Nick Fasano', 'Jade Landry-Cuerrier', 'Magalie Beauregard', 'Simon Lavigne', 'Amedeo Carlo Mangiu', 'Maria Petraglia', 'Salvador Giuffrida', 'Mikaël Baillairgé-Lafontaine', 'Gilles Durand', 'Louis Turcotte', 'Jacques Raymond', 'Jean Pilote', 'Karen Murphy', 'Patrick Leclerc', 'Fabiola Lamoureux', 'Domenico Di Donato', 'Éric Brasseur', 'Michel Bouthillette', 'Julienne Boily', 'Adam Richards', 'Senge Narongsha', 'Stéphane Claude', 'Pierre Bédard']",$,nan,$,3.67,$,https://letterboxd.com//film/leolo/
The Mask,$,1961,$,Julian Roffman,$,"['Paul Stevens', 'Claudette Nevins', 'Anne Collings', 'Bill Walker', 'Martin Lavut', 'Leo Leyden', 'Norman Ettlinger', 'W.B. Brydon', 'Jim Moran', 'Eleanor Beecroft', 'Ray Lawlor', 'Rudi Linschoten', 'Stephen Ker Appleby', 'Alfie Scopp', 'Paul Elsom', 'Harry Blackstone', 'Nancy Island', 'Paul Nevens']",$,nan,$,3.08,$,https://letterboxd.com//film/the-mask/
Seducing Doctor Lewis,$,2003,$,Jean-François Pouliot,$,"['Raymond Bouchard', 'Dominik Michon-Dagenais', 'Guy-Daniel Tremblay', 'Nadia Drouin', 'Rita Lafontaine', 'Roc LaFortune', 'Réal Bossé', 'Lucie Laurier', 'Pierre Collin', 'Ken Scott', 'Jean-Pierre Gonthier', 'Benoît Brière', 'Marc Legault', 'Denis Houle', 'Guy Vaillancourt', 'Caroline Girard', 'Betty Jones', 'Claude Gasse', 'Nadia Rowsell', 'Alexandrine Agostini', 'Gilles Pelletier', 'Frédéric Desager', 'David Boutin', 'Philippe Daneault', 'Marie-France Lambert', 'Louis-Philippe Dury', 'Raphaël Grenier-Benoît', 'Clémence DesRochers', 'Daniel Rousse', 'Caroline Néron', 'Louis Wiriot', 'Serge Christianssens', 'Donald Pilon', 'Louis-Philippe Dandenault', 'Manon Gauthier', 'Véronique Pinette', 'Gisèle Trépanier', 'Nathalie Gascon', 'Luc-Martial Dagenais', 'Alex Bisping', 'Caroline Bouchard', 'Bruno Blanchet']",$,nan,$,3.45,$,https://letterboxd.com//film/seducing-doctor-lewis/
21-87,$,1963,$,Arthur Lipsett,$,['Roman Kroitor'],$,nan,$,3.69,$,https://letterboxd.com//film/21-87/
The Silent Partner,$,1978,$,Daryl Duke,$,"['Elliott Gould', 'Christopher Plummer', 'Susannah York', 'Céline Lomez', 'Michael Kirby', 'Ken Pogue', 'John Candy', 'Gail Dahms-Bonine', 'Michael Donaghue', 'Sean Sullivan', 'Jack Duffy', 'Nancy Simmonds', 'Nuala Fitzgerald', 'Guy Sanvido', 'Charlotte Blunt', 'Aino Pirskanen', 'Michele Rosen', 'Ben Williams', 'Sandy Crawley', 'Jan Campbell', 'Jimmy Davidson', 'Eva Norman', 'John Kerr', 'Sue Lumsden', 'Harry Amey', ""Candace O'Connor"", 'Stephen Young']",$,nan,$,3.76,$,https://letterboxd.com//film/the-silent-partner/
The Big Snit,$,1985,$,Richard Condie,$,"['Jay Brazeau', 'Ida Osler', 'Randy Woods', 'Bill Guest']",$,nan,$,3.76,$,https://letterboxd.com//film/the-big-snit/
The Cat Came Back,$,1988,$,Cordell Barker,$,['Richard Condie'],$,nan,$,3.49,$,https://letterboxd.com//film/the-cat-came-back/
Eldorado,$,1995,$,Charles Binamé,$,"['Pascale Bussières', 'Robert Brouillette', 'James Hyndman', 'Macha Limonchik', 'Pascale Montpetit', 'Claude Lamothe', 'Richard Donat', 'Manon Caille', 'Daniel Pamerleau', 'Isabel Richer']",$,nan,$,3.49,$,https://letterboxd.com//film/eldorado-1995/
Misery Loves Company,$,1993,$,Carl E. Brown,$,nan,$,nan,$,3.55,$,https://letterboxd.com//film/misery-loves-company/
Possible Worlds,$,2000,$,Robert Lepage,$,"['Tilda Swinton', 'Tom McCamus', 'Shaun McCann', 'Gabriel Gascon', 'Rick Miller', 'Griffith Brewer', 'Daniel Brooks', 'Steve Adams', 'Russell Yuen', 'Mariah Inger', 'Laurent Imbault', 'Lisa Bronwyn Moore', 'Eric Hoziel', 'Simon Lee', 'Clément Cormier', 'Sylvie Rousseau', 'Fanny Gobrysz Forget', 'Étienne Gobrysz Forget', 'Bertrand Cyr', 'Denis Cormier', 'Dean Hagopian', 'Jessica Paré', 'Ian Watson', 'Anthony McCrae', 'Lynne Adams', 'Claudia Alfaro', 'Ryan Hollyman']",$,nan,$,3.36,$,https://letterboxd.com//film/possible-worlds/
Black Robe,$,1991,$,Bruce Beresford,$,"['Lothaire Bluteau', 'Sandrine Holt', 'August Schellenberg', 'Tantoo Cardinal', 'Lawrence Bayne', 'Aden Young', 'Billy Two Rivers', 'Harrison Liu', 'Wesley Côté', 'Frank Wilson', 'François Tassé', 'Jean Brousseau', 'Yvan Labelle', 'Raoul Max Trujillo', 'James Bobbish', 'Denis Lacroix', 'Gilles Plante', 'Gordon Tootoosis', 'Marthe Turgeon', 'Claude Préfontaine', 'Deano Clavet', 'Jean-Raymond Châles', 'Paul Stewart', 'Jean-Jacques Blanchet', 'Marco Baron', 'Patrick Tenassco', 'George Pachanos', 'Minor Mustain', 'Don Brisebois', 'Jean Raphael', 'Guy Provencher', 'Joe De Laronde', 'Linlyn Lue', 'Bonfield Marcoux', 'Wanda Obomsawin', 'Jean-Pierre Pérusse', 'Gérard Soler', 'Alison Reid', 'Brenda Adams', 'Denis Plante', 'Daniel Thonon', 'Cordelia Beresford', 'Annie Bearskin', 'Doreen Stevens', 'Joseph Campeau', 'Eric Johnston', 'Mirya Obomsawin', 'Zoe Leigh Hopkins', 'Rodrigue Boivin', 'Irvin Hill', 'Valerie Decontie', 'Waylon Hare', 'Robert Wylde', 'Walter Jacobs', 'Helen Bobish Atkinson', 'John Tenasco', 'Jonathan Blacksmith', 'Earl Danyluk', 'Arnold Eyah-Saulteux']",$,nan,$,3.27,$,https://letterboxd.com//film/black-robe/
Little Criminals,$,1995,$,Stephen Surjik,$,"['Brendan Fletcher', 'Myles Ferguson', 'Adam Harrison', 'Jordan Clarke', 'London Sam Baergen', 'John Nguyen', 'Loc Vo', 'Mimi Kuzyk', 'Randy Hughson', 'Jed Rees', 'Sabrina Grdevich', 'Dwight McFee', 'Callum Keith Rennie', 'Sonia Norris', 'Keely Purvis', 'Elizabeth Dancoes', 'Dolores Drake', 'Winston Brown', 'Molly Parker', 'Aaron Goff', 'Brett Armstrong', 'B.J. Wawrzasek', 'Joshua Simeon', 'Percy Lemaigre', 'Joyce Erickson', 'Betty Linde', 'Terry King', 'Kamilyn Kaneko', 'Andrew Kavadas', 'Massimo Cusano']",$,nan,$,3.6,$,https://letterboxd.com//film/little-criminals/
The Changeling,$,1980,$,Peter Medak,$,"['George C. Scott', 'Trish Van Devere', 'Melvyn Douglas', 'John Colicos', 'Barry Morse', 'Madeleine Sherwood', 'Helen Burns', 'Eric Christmas', 'Frances Hyland', 'Ruth Springford', 'James B. Douglas', 'J. Kenneth Campbell', 'Roberta Maxwell', 'Bernard Behrens', 'Jean Marsh', 'Chris Gampel', 'Voldi Way', 'Michelle Martin', 'Janne Mortil', 'Terence Kelly', 'Robert Monroe', 'Hagan Beggs', 'Anna Hagan', 'Antonia Rey', 'Sammy Smith', 'Paul Rothery', 'Bruce MacLeod', 'Fred Latremouille', 'David Peevers', 'Sera Johnstone', 'Adam Earle', 'Carl Boychuk', 'Bryan King', 'Susan Round', 'Nicki Steida', 'Randolph Blankinship', 'Travis Major']",$,nan,$,3.58,$,https://letterboxd.com//film/the-changeling/
The Pit,$,1981,$,Lew Lehman,$,"['Sammy Snyders', 'Jeannie Elias', 'Sonja Smits', 'Laura Press', 'Laura Hollingsworth', 'Richard Alden', 'Andrea Swartz', 'John Auten', 'Paul Grisham', 'Wendy Schmidt', 'Edith Bedker', 'Lillian Graham', 'Gerard Jordan', 'Cindy Auten', 'Patrick Patterson', 'Roger Van Haren', 'John Stoneham Sr.', 'J.R. Zimmerman', 'Sandy Kovack', 'Jennifer Lehman', 'John C. Bassett', 'Harris Kal', 'Alison McCuaig']",$,nan,$,2.98,$,https://letterboxd.com//film/the-pit/
Incendies,$,2010,$,Denis Villeneuve,$,"['Lubna Azabal', 'Mélissa Désormeaux-Poulin', 'Maxim Gaudette', 'Rémy Girard', 'Allen Altman', 'Abdelghafour Elaaziz', 'Dominique Briand', 'Frédéric Paquet', 'Ahmad Massad', 'John Dunn-Hill', 'Jackie Sawiris', 'Lara Atalla', 'Baya Belal', 'Yousef Shweihat', 'Karim Babin', 'Mohamed Majd', 'Mustafa Kamel', 'Hussein Sami', 'Hamed Najem', 'Bader Alami', 'Majida Hussein', 'Asriah Nijres', 'Nadia Essadiqi']",$,nan,$,4.28,$,https://letterboxd.com//film/incendies/
Screamers,$,1995,$,Christian Duguay,$,"['Peter Weller', 'Jennifer Rubin', 'Roy Dupuis', 'Andrew Lauer', 'Liliana Komorowska', 'Michael Caloz', 'Jason Cavalier', 'Ron White', 'Charles Edwin Powell', 'Leni Parker', 'Sylvain Massé', 'Bruce Boa', 'Tom Berry', 'Henry Ramer']",$,nan,$,2.9,$,https://letterboxd.com//film/screamers-1995/
The Corporation,$,2003,$,"Mark Achbar, Jennifer Abbott",$,"['Jane Akre', 'Ray Anderson', 'Maude Barlow', 'Chris Barrett', 'Michael Moore', 'Noam Chomsky', 'Mikela Jay', 'Rob Beckwermert', 'Christopher Gora', 'Nina Jones', 'Richard Kopycinski', 'Karen Lam', 'Pope John XXIII', 'Joseph Stalin', 'Harry S. Truman', 'Winston Churchill', 'Adolf Hitler', 'Nelson Mandela', 'Benito Mussolini', 'King George VI of the United Kingdom', 'Kofi Annan', 'George W. Bush', 'Martin Luther King Jr.', 'Vladimir Lenin', 'Mahatma Gandhi']",$,nan,$,3.64,$,https://letterboxd.com//film/the-corporation/
Enemy,$,2013,$,Denis Villeneuve,$,"['Jake Gyllenhaal', 'Mélanie Laurent', 'Sarah Gadon', 'Isabella Rossellini', 'Joshua Peace', 'Tim Post', 'Kedar Brown', 'Darryl Dinn', 'Megan Mane', 'Misha Highstead', 'Alexis Uiga', 'Kiran Friesen', 'Loretta Yu', 'Stephen R. Hart', 'Paul Stephen']",$,nan,$,3.65,$,https://letterboxd.com//film/enemy/
Dracula: Pages from a Virgin's Diary,$,2002,$,Guy Maddin,$,"['Wei-Qiang Zhang', 'Tara Birtwhistle', 'David Moroni', 'CindyMarie Small', 'Johnny A. Wright', 'Stephane Leonard', 'Matthew Johnson', 'Keir Knight', 'Brent Neale', 'Stephanie Ballard', 'Sarah Murphy-Dyson', 'Carrie Broda', 'Gail Stefanek', 'Janet Sartore', 'Jennifer Welsman']",$,nan,$,3.53,$,https://letterboxd.com//film/dracula-pages-from-a-virgins-diary/
Goin' Down the Road,$,1970,$,Donald Shebib,$,"['Doug McGrath', 'Paul Bradley', 'Jayne Eastwood', 'Cayle Chernin', 'Nicole Morin', 'Pierre La Roche', 'Mary Black', 'J.R. Zimmerman', 'Stuart Marwick']",$,nan,$,3.39,$,https://letterboxd.com//film/goin-down-the-road/
Lipsett Diaries,$,2010,$,Theodore Ushev,$,"['Xavier Dolan', 'Samuel Jacques', 'Jarvis Robinson Neall']",$,nan,$,3.65,$,https://letterboxd.com//film/lipsett-diaries/
The Enemy Lines,$,2010,$,Denis Côté,$,"['Olivier Aubin', 'Hugo Giroux', 'Christian LeBlanc', 'Marc-André Grondin', 'Hubert Proulx', 'Benoît Lapierre', 'Cloé Huard', 'Laurent Couci']",$,nan,$,3.09,$,https://letterboxd.com//film/the-enemy-lines/
A Documentary,$,1979,$,Frank Cole,$,['Frank Cole'],$,nan,$,nan,$,https://letterboxd.com//film/a-documentary/
Tom at the Farm,$,2013,$,Xavier Dolan,$,"['Xavier Dolan', 'Pierre-Yves Cardinal', 'Lise Roy', 'Evelyne Brochu', 'Manuel Tadros', 'Jacques Lavallée', 'Anne Caron', 'Mélodie Simard', 'Olivier Morin', 'Johanne Léveillé', 'Mathieu Roy', 'Caleb Landry Jones']",$,nan,$,3.5,$,https://letterboxd.com//film/tom-at-the-farm/
The Sweater,$,1980,$,Sheldon Cohen,$,"['Roch Carrier', 'Jean-Guy Moreau']",$,nan,$,3.43,$,https://letterboxd.com//film/the-sweater/
Drifting States,$,2005,$,Denis Côté,$,"['Christian LeBlanc', ""Radisson's Citizens""]",$,nan,$,3.28,$,https://letterboxd.com//film/drifting-states/
The Shimmering Beast,$,1982,$,Pierre Perrault,$,"['Louis-Philippe Lécuyer', 'Philippe Cross', 'Stéphane-Albert Boulais', 'Maurice Chaillot', ""Bernard L'Heureux"", 'Michel Guyot', 'Barney Descontie', 'Maurice Aumont', 'Claude Lauriault', 'Laurier Prévost']",$,nan,$,4.08,$,https://letterboxd.com//film/the-shimmering-beast/
Good Riddance,$,1980,$,Francis Mankiewicz,$,"['Charlotte Laurier', 'Marie Tifo', 'Germain Houde', 'Louise Marleau', 'Roger Le Bel', 'Gilbert Sicotte', 'Serge Thériault', 'Jean-Pierre Bergeron', 'Léo Ilial', 'Madeleine Chartrand', 'Louise Rinfret', 'Eric Beauséjour', 'Jean-Pierre Duplessis', 'Marcella Fajardo', 'Marie Laurier']",$,nan,$,3.96,$,https://letterboxd.com//film/good-riddance/